first_name,last_name,email,phone_number,age,city,date_joined
Robert,Brown,robert.brown@outlook.com,+1-865-410-1896,39,Phoenix,2023-11-07
Joseph,Taylor,joseph.taylor@gmail.com,+1-262-598-7148,35,Phoenix,2023-11-07
Sarah,Martin,sarah.martin@gmail.com,+1-318-723-3501,40,New York,2023-11-07
Mary,Martinez,mary.martinez@hotmail.com,+1-757-265-8251,39,San Antonio,2023-11-07
Karen,Martin,karen.martin@hotmail.com,+1-639-533-4533,61,Houston,2023-11-07
Joseph,Jones,joseph.jones@gmail.com,+1-680-233-2351,60,San Jose,2023-11-07
Mary,Rodriguez,mary.rodriguez@yahoo.com,+1-619-925-3229,29,Chicago,2023-11-07
Elizabeth,Martinez,elizabeth.martinez@outlook.com,+1-321-776-5015,29,Dallas,2023-11-07
Jessica,Martin,jessica.martin@yahoo.com,+1-286-830-2699,65,Los Angeles,2023-11-07
Barbara,Jones,barbara.jones@hotmail.com,+1-618-774-3115,21,Los Angeles,2023-11-07
John,Garcia,john.garcia@yahoo.com,+1-227-465-8995,66,Dallas,2023-11-07
Linda,Rodriguez,linda.rodriguez@gmail.com,+1-454-926-2488,22,Los Angeles,2023-11-07
Jennifer,Martinez,jennifer.martinez@gmail.com,+1-591-976-9324,63,Houston,2023-11-07
Susan,Martin,susan.martin@gmail.com,+1-867-619-9062,39,San Diego,2023-11-07
Jennifer,Johnson,jennifer.johnson@outlook.com,+1-730-921-8628,46,San Antonio,2023-11-07
Elizabeth,Thomas,elizabeth.thomas@outlook.com,+1-450-675-5123,58,San Diego,2023-11-07
Karen,Garcia,karen.garcia@gmail.com,+1-463-876-4566,37,Phoenix,2023-11-07
Thomas,Rodriguez,thomas.rodriguez@yahoo.com,+1-733-308-6136,51,Chicago,2023-11-07
Elizabeth,Williams,elizabeth.williams@gmail.com,+1-395-623-1518,46,San Diego,2023-11-07
Charles,Taylor,charles.taylor@gmail.com,+1-498-503-4163,29,San Jose,2023-11-07
Sarah,Johnson,sarah.johnson@outlook.com,+1-601-745-9391,38,Philadelphia,2023-11-07
Elizabeth,Moore,elizabeth.moore@gmail.com,+1-876-509-3255,26,New York,2023-11-07
Jessica,Hernandez,jessica.hernandez@yahoo.com,+1-243-351-6743,39,New York,2023-11-07
Jennifer,Hernandez,jennifer.hernandez@yahoo.com,+1-850-286-6048,61,Philadelphia,2023-11-07
Linda,Martinez,linda.martinez@outlook.com,+1-683-929-5025,45,Los Angeles,2023-11-07
William,Taylor,william.taylor@yahoo.com,+1-532-974-2104,23,Dallas,2023-11-07
Barbara,Garcia,barbara.garcia@gmail.com,+1-454-259-2428,47,Dallas,2023-11-07
David,Hernandez,david.hernandez@outlook.com,+1-787-762-9574,27,New York,2023-11-07
Robert,Wilson,robert.wilson@outlook.com,+1-268-790-2666,65,Dallas,2023-11-07
David,Jackson,david.jackson@gmail.com,+1-678-208-2623,19,Houston,2023-11-07
John,Smith,john.smith@outlook.com,+1-974-409-3775,43,Houston,2023-11-07
David,Wilson,david.wilson@gmail.com,+1-516-608-2366,43,San Diego,2023-11-07
Patricia,Jones,patricia.jones@gmail.com,+1-433-444-2252,62,Houston,2023-11-07
Elizabeth,Miller,elizabeth.miller@outlook.com,+1-284-616-8048,46,Phoenix,2023-11-07
Elizabeth,Moore,elizabeth.moore@hotmail.com,+1-607-388-4725,30,San Antonio,2023-11-07
William,Williams,william.williams@yahoo.com,+1-240-651-9919,66,Los Angeles,2023-11-07
Patricia,Gonzalez,patricia.gonzalez@outlook.com,+1-774-673-4553,31,Phoenix,2023-11-07
John,Moore,john.moore@gmail.com,+1-961-335-4190,35,Dallas,2023-11-07
William,Johnson,william.johnson@outlook.com,+1-420-453-3055,27,Phoenix,2023-11-07
Joseph,Taylor,joseph.taylor@gmail.com,+1-419-551-2119,25,Phoenix,2023-11-07
James,Gonzalez,james.gonzalez@hotmail.com,+1-608-913-1816,22,Dallas,2023-11-07
Karen,Jackson,karen.jackson@yahoo.com,+1-715-996-3838,61,San Antonio,2023-11-07
Linda,Lopez,linda.lopez@gmail.com,+1-807-584-4873,52,Philadelphia,2023-11-07
Linda,Jackson,linda.jackson@gmail.com,+1-717-576-7829,42,New York,2023-11-07
James,Davis,james.davis@yahoo.com,+1-341-904-3775,24,New York,2023-11-07
Jessica,Gonzalez,jessica.gonzalez@gmail.com,+1-363-230-2479,64,Phoenix,2023-11-07
Mary,Jones,mary.jones@outlook.com,+1-932-936-9201,61,Philadelphia,2023-11-07
Sarah,Johnson,sarah.johnson@yahoo.com,+1-790-471-4909,60,Houston,2023-11-07
Jennifer,Gonzalez,jennifer.gonzalez@yahoo.com,+1-628-324-5566,60,Chicago,2023-11-07
Joseph,Johnson,joseph.johnson@hotmail.com,+1-931-230-1104,22,San Antonio,2023-11-07
Jessica,Jones,jessica.jones@hotmail.com,+1-922-244-6533,46,San Antonio,2023-11-07
David,Hernandez,david.hernandez@outlook.com,+1-601-552-9425,33,New York,2023-11-07
John,Martin,john.martin@hotmail.com,+1-956-704-8227,28,Dallas,2023-11-07
Elizabeth,Miller,elizabeth.miller@hotmail.com,+1-567-654-2354,24,Philadelphia,2023-11-07
John,Miller,john.miller@yahoo.com,+1-966-341-2810,24,Los Angeles,2023-11-07
Linda,Taylor,linda.taylor@yahoo.com,+1-317-820-8723,22,San Jose,2023-11-07
Joseph,Miller,joseph.miller@outlook.com,+1-561-959-9144,47,New York,2023-11-07
Richard,Jones,richard.jones@hotmail.com,+1-804-936-8152,28,New York,2023-11-07
Robert,Martinez,robert.martinez@gmail.com,+1-612-923-4682,23,Los Angeles,2023-11-07
Jennifer,Garcia,jennifer.garcia@hotmail.com,+1-720-528-8531,34,Philadelphia,2023-11-07
David,Johnson,david.johnson@gmail.com,+1-268-682-5094,58,San Diego,2023-11-07
Joseph,Williams,joseph.williams@outlook.com,+1-786-552-6434,56,Chicago,2023-11-07
Susan,Brown,susan.brown@yahoo.com,+1-772-718-1677,62,San Antonio,2023-11-07
James,Jackson,james.jackson@yahoo.com,+1-456-794-4580,70,Phoenix,2023-11-07
Robert,Williams,robert.williams@hotmail.com,+1-840-808-6115,54,Los Angeles,2023-11-07
John,Davis,john.davis@outlook.com,+1-246-360-3312,39,Houston,2023-11-07
Thomas,Rodriguez,thomas.rodriguez@outlook.com,+1-404-277-9414,38,San Jose,2023-11-07
Sarah,Jackson,sarah.jackson@yahoo.com,+1-891-948-5792,54,Phoenix,2023-11-07
Elizabeth,Wilson,elizabeth.wilson@outlook.com,+1-928-878-6010,18,Los Angeles,2023-11-07
Jennifer,Jones,jennifer.jones@gmail.com,+1-742-979-3448,45,Houston,2023-11-07
Thomas,Martin,thomas.martin@outlook.com,+1-309-260-8647,37,Houston,2023-11-07
Jennifer,Wilson,jennifer.wilson@hotmail.com,+1-880-861-6650,18,San Jose,2023-11-07
Jennifer,Rodriguez,jennifer.rodriguez@gmail.com,+1-711-415-7639,41,Chicago,2023-11-07
Mary,Taylor,mary.taylor@gmail.com,+1-552-492-5649,52,San Jose,2023-11-07
Robert,Moore,robert.moore@outlook.com,+1-877-253-6410,41,Chicago,2023-11-07
Patricia,Johnson,patricia.johnson@yahoo.com,+1-362-364-6588,65,San Antonio,2023-11-07
Jennifer,Williams,jennifer.williams@hotmail.com,+1-539-657-8553,34,Los Angeles,2023-11-07
Susan,Anderson,susan.anderson@gmail.com,+1-801-508-6125,58,Chicago,2023-11-07
John,Thomas,john.thomas@gmail.com,+1-654-374-5926,54,Philadelphia,2023-11-07
David,Taylor,david.taylor@hotmail.com,+1-607-805-3051,46,Chicago,2023-11-07
Karen,Williams,karen.williams@gmail.com,+1-529-462-4526,18,Philadelphia,2023-11-07
John,Thomas,john.thomas@hotmail.com,+1-455-797-4252,43,Houston,2023-11-07
Linda,Jones,linda.jones@gmail.com,+1-745-497-7368,62,Los Angeles,2023-11-07
Thomas,Lopez,thomas.lopez@outlook.com,+1-414-751-8228,39,Los Angeles,2023-11-07
Linda,Smith,linda.smith@yahoo.com,+1-662-239-2744,24,Houston,2023-11-07
Susan,Martinez,susan.martinez@gmail.com,+1-634-368-4429,64,San Antonio,2023-11-07
Susan,Thomas,susan.thomas@outlook.com,+1-818-875-3670,54,Phoenix,2023-11-07
Susan,Smith,susan.smith@hotmail.com,+1-470-903-9009,26,Los Angeles,2023-11-07
Jessica,Thomas,jessica.thomas@hotmail.com,+1-283-872-9920,24,New York,2023-11-07
Susan,Anderson,susan.anderson@gmail.com,+1-514-613-2499,70,San Jose,2023-11-07
Sarah,Johnson,sarah.johnson@outlook.com,+1-751-262-6322,27,Chicago,2023-11-07
Jessica,Jones,jessica.jones@outlook.com,+1-750-252-4737,30,New York,2023-11-07
Sarah,Jackson,sarah.jackson@yahoo.com,+1-615-561-9218,63,Houston,2023-11-07
Sarah,Taylor,sarah.taylor@yahoo.com,+1-788-448-9388,58,Houston,2023-11-07
William,Smith,william.smith@outlook.com,+1-929-586-8584,23,Los Angeles,2023-11-07
John,Jackson,john.jackson@hotmail.com,+1-946-417-1408,21,Chicago,2023-11-07
Jessica,Jones,jessica.jones@yahoo.com,+1-331-983-4124,25,Houston,2023-11-07
Karen,Jones,karen.jones@yahoo.com,+1-930-848-3939,25,Houston,2023-11-07
Robert,Wilson,robert.wilson@hotmail.com,+1-980-831-3273,56,San Jose,2023-11-07
William,Hernandez,william.hernandez@hotmail.com,+1-352-784-3208,61,Los Angeles,2023-11-07
